<?xml version="1.0"?>
<doc>
    <assembly>
        <name>Auth0.OidcClient</name>
    </assembly>
    <members>
        <member name="T:Auth0.OidcClient.Properties.Resources">
            <summary>
              A strongly-typed resource class, for looking up localized strings, etc.
            </summary>
        </member>
        <member name="P:Auth0.OidcClient.Properties.Resources.ResourceManager">
            <summary>
              Returns the cached ResourceManager instance used by this class.
            </summary>
        </member>
        <member name="P:Auth0.OidcClient.Properties.Resources.Culture">
            <summary>
              Overrides the current thread's CurrentUICulture property for all
              resource lookups using this strongly typed resource class.
            </summary>
        </member>
        <member name="M:Auth0.OidcClient.Auth0Client.#ctor(Auth0.OidcClient.Auth0ClientOptions)">
            <summary>
            Creates a new instance of the Auth0 OIDC Client.
            </summary>
            <param name="options">The <see cref="T:Auth0.OidcClient.Auth0ClientOptions"/> specifying the configuration for the Auth0 OIDC Client.</param>
        </member>
        <member name="M:Auth0.OidcClient.Auth0Client.LoginAsync(System.Object)">
            <summary>
            Launches a browser to log the user in.
            </summary>
            <param name="extraParameters">Any extra parameters that need to be passed to the authorization endpoint.</param>
            <returns></returns>
        </member>
        <member name="M:Auth0.OidcClient.Auth0Client.LogoutAsync">
            <summary>
            Launches a browser to log the user out and clear the Auth0 SSO Cookie
            </summary>
            <returns></returns>
        </member>
        <member name="M:Auth0.OidcClient.Auth0Client.LogoutAsync(System.Boolean)">
            <inheritdoc />
        </member>
        <member name="M:Auth0.OidcClient.Auth0Client.PrepareLoginAsync(System.Object)">
            <summary>
            Generates an <see cref="T:IdentityModel.OidcClient.AuthorizeState"/> containing the URL, state, nonce and code challenge which can
            be used to redirect the user to the authorization URL, and subsequently process any response by calling
            the <see cref="M:Auth0.OidcClient.Auth0Client.ProcessResponseAsync(System.String,IdentityModel.OidcClient.AuthorizeState)"/> method.
            </summary>
            <param name="extraParameters"></param>
            <returns></returns>
        </member>
        <member name="M:Auth0.OidcClient.Auth0Client.ProcessResponseAsync(System.String,IdentityModel.OidcClient.AuthorizeState)">
            <summary>
            Process the response from the Auth0 redirect URI
            </summary>
            <param name="data">The data containing the full redirect URI.</param>
            <param name="state">The <see cref="T:IdentityModel.OidcClient.AuthorizeState"/> which was generated when the <see cref="M:Auth0.OidcClient.Auth0Client.PrepareLoginAsync(System.Object)"/>
            method was called.</param>
            <returns></returns>
        </member>
        <member name="M:Auth0.OidcClient.Auth0Client.RefreshTokenAsync(System.String)">
            <summary>
            Generates a new set of tokens based on a refresh token. 
            </summary>
            <param name="refreshToken">The refresh token which was issued during the authorization flow, or subsequent
            calls to <see cref="M:Auth0.OidcClient.Auth0Client.RefreshTokenAsync(System.String)"/>.</param>
            <returns></returns>
        </member>
        <member name="P:Auth0.OidcClient.Auth0ClientOptions.Browser">
            <summary>
            The <see cref="T:IdentityModel.OidcClient.Browser.IBrowser"/> implementation which is responsible for displaying the Auth0 Login screen
            </summary>
        </member>
        <member name="P:Auth0.OidcClient.Auth0ClientOptions.ClientId">
            <summary>
            Your Auth0 Client ID.
            </summary>
        </member>
        <member name="P:Auth0.OidcClient.Auth0ClientOptions.ClientSecret">
            <summary>
            Your Auth0 Client Secret.
            </summary>
        </member>
        <member name="P:Auth0.OidcClient.Auth0ClientOptions.Domain">
            <summary>
            Your Auth0 tenant domain.
            </summary>
            <remarks>
            e.g. tenant.auth0.com
            </remarks>
        </member>
        <member name="P:Auth0.OidcClient.Auth0ClientOptions.EnableTelemetry">
            <summary>
            Indicates whether telemetry information should be sent to Auth0.
            </summary>
            <remarks>
            Telemetry simply contains information about the version of the Auth0 OIDC Client being used. No information about your
            application or users are being sent to Auth0.
            </remarks>
        </member>
        <member name="P:Auth0.OidcClient.Auth0ClientOptions.LoadProfile">
            <summary>
            Indicates whether the user profile should be loaded from the /userinfo endpoint.
            </summary>
            <remarks>
            Defaults to true.
            </remarks>
        </member>
        <member name="P:Auth0.OidcClient.Auth0ClientOptions.Scope">
            <summary>
            The scopes you want to request.
            </summary>
        </member>
        <member name="P:Auth0.OidcClient.Auth0ClientOptions.PostLogoutRedirectUri">
            <summary>
            Allow overriding of the Post Logout Redirect URI
            </summary>
            <remarks>
            This should only be done in exceptional circumstances
            </remarks>
        </member>
        <member name="P:Auth0.OidcClient.Auth0ClientOptions.RedirectUri">
            <summary>
            Allow overriding of the Redirect URI
            </summary>
            <remarks>
            This should only be done in exceptional circumstances
            </remarks>
        </member>
    </members>
</doc>
